{
    "members": [
        {
            "name": "Julia",
            "position": "President",
            "pic": "member01.jpg"
        },
        {
            "name": "David",
            "position": "Vice President",
            "pic": "member02.jpg"
        },
        {
            "name": "Emily",
            "position": "UI Designer",
            "pic": "member03.jpg"
        },
        {
            "name": "Paul",
            "position": "Front-end Engineer",
            "pic": "member04.jpg"
        },
        {
            "name": "Sara",
            "position": "Back-end Engineer",
            "pic": "member05.jpg"
        },
        {
            "name": "Michael",
            "position": "Project Manager",
            "pic": "member06.jpg"
        }
    ]
}